1, 2, 3, 4, 5, 6, 7, 8, 9, 10, 11, 12, 13, 14, 15, 16, 17, 18, 19, 20, 21, 22, 23, 24, 25, 26, 27, 28, 29, 30, 31, 32, 33, 34, 35, 36, 37, 38, 39, 40, 41, 42, 43, 44, 45, 46, 47, 48, 49, 50, 51, 52, 53, 54, 55, 56, 57, 58, 59, 60, 61, 62, 63 
0.375, 0.375, 0.375, 0.375, 0.375, 0.375, 0.375, 0.375, 0.375, 0.375, 0.375, 0.375, 0.375, 0.375, 0.375, 0.375, 0.375, 0.375, 0.375, 0.375, 0.375, 0.375, 0.375, 0.375, 0.375, 0.375, 0.375, 0.375, 0.375, 0.375, 0.375, 0.375, 0.375, 0.375, 0.375, 0.375, 0.375, 0.375, 0.375, 0.375, 0.375, 0.375, 0.375, 0.375, 0.375, 0.375, 0.375, 0.375, 0.375, 0.375, 0.375, 0.375, 0.375, 0.375, 0.375, 0.375, 0.375, 0.375, 0.375, 0.375, 0.375, 0.375, 0.375 
0.444, 0.444, 0.444, 0.444, 0.444, 0.444, 0.444, 0.444, 0.444, 0.444, 0.444, 0.444, 0.444, 0.444, 0.444, 0.444, 0.444, 0.444, 0.444, 0.444, 0.444, 0.444, 0.444, 0.444, 0.444, 0.444, 0.444, 0.444, 0.444, 0.444, 0.444, 0.444, 0.444, 0.444, 0.444, 0.444, 0.444, 0.444, 0.444, 0.444, 0.444, 0.444, 0.444, 0.444, 0.444, 0.444, 0.444, 0.444, 0.444, 0.444, 0.444, 0.444, 0.444, 0.444, 0.444, 0.444, 0.444, 0.444, 0.444, 0.444, 0.444, 0.444, 0.444 
0.333, 0.333, 0.333, 0.333, 0.333, 0.333, 0.333, 0.333, 0.333, 0.333, 0.333, 0.333, 0.333, 0.333, 0.333, 0.333, 0.333, 0.333, 0.333, 0.333, 0.333, 0.333, 0.333, 0.333, 0.333, 0.333, 0.333, 0.333, 0.333, 0.333, 0.333, 0.333, 0.333, 0.333, 0.333, 0.333, 0.333, 0.333, 0.333, 0.333, 0.333, 0.333, 0.333, 0.333, 0.333, 0.333, 0.333, 0.333, 0.333, 0.333, 0.333, 0.333, 0.333, 0.333, 0.333, 0.333, 0.333, 0.333, 0.333, 0.333, 0.333, 0.333, 0.333 
0.25, 0.25, 0.25, 0.25, 0.25, 0.25, 0.25, 0.25, 0.25, 0.25, 0.25, 0.25, 0.25, 0.25, 0.25, 0.25, 0.25, 0.25, 0.25, 0.25, 0.25, 0.25, 0.25, 0.25, 0.25, 0.25, 0.25, 0.25, 0.25, 0.25, 0.25, 0.25, 0.25, 0.25, 0.25, 0.25, 0.25, 0.25, 0.25, 0.25, 0.25, 0.25, 0.25, 0.25, 0.25, 0.25, 0.25, 0.25, 0.25, 0.25, 0.25, 0.25, 0.25, 0.25, 0.25, 0.25, 0.25, 0.25, 0.25, 0.25, 0.25, 0.25, 0.25 
0.154, 0.154, 0.154, 0.154, 0.154, 0.154, 0.154, 0.154, 0.154, 0.154, 0.154, 0.154, 0.154, 0.154, 0.154, 0.154, 0.154, 0.154, 0.154, 0.154, 0.154, 0.154, 0.154, 0.154, 0.154, 0.154, 0.154, 0.154, 0.154, 0.154, 0.154, 0.154, 0.154, 0.154, 0.154, 0.154, 0.154, 0.154, 0.154, 0.154, 0.154, 0.154, 0.154, 0.154, 0.154, 0.154, 0.154, 0.154, 0.154, 0.154, 0.154, 0.154, 0.154, 0.154, 0.154, 0.154, 0.154, 0.154, 0.154, 0.154, 0.154, 0.154, 0.154 
0.182, 0.182, 0.182, 0.182, 0.182, 0.182, 0.182, 0.182, 0.182, 0.182, 0.182, 0.182, 0.182, 0.182, 0.182, 0.182, 0.182, 0.182, 0.182, 0.182, 0.182, 0.182, 0.182, 0.182, 0.182, 0.182, 0.182, 0.182, 0.182, 0.182, 0.182, 0.182, 0.182, 0.182, 0.182, 0.182, 0.182, 0.182, 0.182, 0.182, 0.182, 0.182, 0.182, 0.182, 0.182, 0.182, 0.182, 0.182, 0.182, 0.182, 0.182, 0.182, 0.182, 0.182, 0.182, 0.182, 0.182, 0.182, 0.182, 0.182, 0.182, 0.182, 0.182 
0.5, 0.5, 0.5, 0.5, 0.5, 0.5, 0.5, 0.5, 0.5, 0.5, 0.5, 0.5, 0.5, 0.5, 0.5, 0.5, 0.5, 0.5, 0.5, 0.5, 0.5, 0.5, 0.5, 0.5, 0.5, 0.5, 0.5, 0.5, 0.5, 0.5, 0.5, 0.5, 0.5, 0.5, 0.5, 0.5, 0.5, 0.5, 0.5, 0.5, 0.5, 0.5, 0.5, 0.5, 0.5, 0.5, 0.5, 0.5, 0.5, 0.5, 0.5, 0.5, 0.5, 0.5, 0.5, 0.5, 0.5, 0.5, 0.5, 0.5, 0.5, 0.5, 0.5 
0.0, 0.0, 0.0, 0.0, 0.0, 0.0, 0.0, 0.0, 0.0, 0.0, 0.0, 0.0, 0.0, 0.0, 0.0, 0.0, 0.0, 0.0, 0.0, 0.0, 0.0, 0.0, 0.0, 0.0, 0.0, 0.0, 0.0, 0.0, 0.0, 0.0, 0.0, 0.0, 0.0, 0.0, 0.0, 0.0, 0.0, 0.0, 0.0, 0.0, 0.0, 0.0, 0.0, 0.0, 0.0, 0.0, 0.0, 0.0, 0.0, 0.0, 0.0, 0.0, 0.0, 0.0, 0.0, 0.0, 0.0, 0.0, 0.0, 0.0, 0.0, 0.0, 0.0 
0.154, 0.154, 0.154, 0.154, 0.154, 0.154, 0.154, 0.154, 0.154, 0.154, 0.154, 0.154, 0.154, 0.154, 0.154, 0.154, 0.154, 0.154, 0.154, 0.154, 0.154, 0.154, 0.154, 0.154, 0.154, 0.154, 0.154, 0.154, 0.154, 0.154, 0.154, 0.154, 0.154, 0.154, 0.154, 0.154, 0.154, 0.154, 0.154, 0.154, 0.154, 0.154, 0.154, 0.154, 0.154, 0.154, 0.154, 0.154, 0.154, 0.154, 0.154, 0.154, 0.154, 0.154, 0.154, 0.154, 0.154, 0.154, 0.154, 0.154, 0.154, 0.154, 0.154 
0.25, 0.25, 0.25, 0.25, 0.25, 0.25, 0.25, 0.25, 0.25, 0.25, 0.25, 0.25, 0.25, 0.25, 0.25, 0.25, 0.25, 0.25, 0.25, 0.25, 0.25, 0.25, 0.25, 0.25, 0.25, 0.25, 0.25, 0.25, 0.25, 0.25, 0.25, 0.25, 0.25, 0.25, 0.25, 0.25, 0.25, 0.25, 0.25, 0.25, 0.25, 0.25, 0.25, 0.25, 0.25, 0.25, 0.25, 0.25, 0.25, 0.25, 0.25, 0.25, 0.25, 0.25, 0.25, 0.25, 0.25, 0.25, 0.25, 0.25, 0.25, 0.25, 0.25 
0.0, 0.0, 0.0, 0.0, 0.0, 0.0, 0.0, 0.0, 0.0, 0.0, 0.0, 0.0, 0.0, 0.0, 0.0, 0.0, 0.0, 0.0, 0.0, 0.0, 0.0, 0.0, 0.0, 0.0, 0.0, 0.0, 0.0, 0.0, 0.0, 0.0, 0.0, 0.0, 0.0, 0.0, 0.0, 0.0, 0.0, 0.0, 0.0, 0.0, 0.0, 0.0, 0.0, 0.0, 0.0, 0.0, 0.0, 0.0, 0.0, 0.0, 0.0, 0.0, 0.0, 0.0, 0.0, 0.0, 0.0, 0.0, 0.0, 0.0, 0.0, 0.0, 0.0 
0.3, 0.3, 0.3, 0.3, 0.3, 0.3, 0.3, 0.3, 0.3, 0.3, 0.3, 0.3, 0.3, 0.3, 0.3, 0.3, 0.3, 0.3, 0.3, 0.3, 0.3, 0.3, 0.3, 0.3, 0.3, 0.3, 0.3, 0.3, 0.3, 0.3, 0.3, 0.3, 0.3, 0.3, 0.3, 0.3, 0.3, 0.3, 0.3, 0.3, 0.3, 0.3, 0.3, 0.3, 0.3, 0.3, 0.3, 0.3, 0.3, 0.3, 0.3, 0.3, 0.3, 0.3, 0.3, 0.3, 0.3, 0.3, 0.3, 0.3, 0.3, 0.3, 0.3 
0.333, 0.333, 0.333, 0.333, 0.333, 0.333, 0.333, 0.333, 0.333, 0.333, 0.333, 0.333, 0.333, 0.333, 0.333, 0.333, 0.333, 0.333, 0.333, 0.333, 0.333, 0.333, 0.333, 0.333, 0.333, 0.333, 0.333, 0.333, 0.333, 0.333, 0.333, 0.333, 0.333, 0.333, 0.333, 0.333, 0.333, 0.333, 0.333, 0.333, 0.333, 0.333, 0.333, 0.333, 0.333, 0.333, 0.333, 0.333, 0.333, 0.333, 0.333, 0.333, 0.333, 0.333, 0.333, 0.333, 0.333, 0.333, 0.333, 0.333, 0.333, 0.333, 0.333 
0.333, 0.333, 0.333, 0.333, 0.333, 0.333, 0.333, 0.333, 0.333, 0.333, 0.333, 0.333, 0.333, 0.333, 0.333, 0.333, 0.333, 0.333, 0.333, 0.333, 0.333, 0.333, 0.333, 0.333, 0.333, 0.333, 0.333, 0.333, 0.333, 0.333, 0.333, 0.333, 0.333, 0.333, 0.333, 0.333, 0.333, 0.333, 0.333, 0.333, 0.333, 0.333, 0.333, 0.333, 0.333, 0.333, 0.333, 0.333, 0.333, 0.333, 0.333, 0.333, 0.333, 0.333, 0.333, 0.333, 0.333, 0.333, 0.333, 0.333, 0.333, 0.333, 0.333 
0.273, 0.273, 0.273, 0.273, 0.273, 0.273, 0.273, 0.273, 0.273, 0.273, 0.273, 0.273, 0.273, 0.273, 0.273, 0.273, 0.273, 0.273, 0.273, 0.273, 0.273, 0.273, 0.273, 0.273, 0.273, 0.273, 0.273, 0.273, 0.273, 0.273, 0.273, 0.273, 0.273, 0.273, 0.273, 0.273, 0.273, 0.273, 0.273, 0.273, 0.273, 0.273, 0.273, 0.273, 0.273, 0.273, 0.273, 0.273, 0.273, 0.273, 0.273, 0.273, 0.273, 0.273, 0.273, 0.273, 0.273, 0.273, 0.273, 0.273, 0.273, 0.273, 0.273 
0.154, 0.154, 0.154, 0.154, 0.154, 0.154, 0.154, 0.154, 0.154, 0.154, 0.154, 0.154, 0.154, 0.154, 0.154, 0.154, 0.154, 0.154, 0.154, 0.154, 0.154, 0.154, 0.154, 0.154, 0.154, 0.154, 0.154, 0.154, 0.154, 0.154, 0.154, 0.154, 0.154, 0.154, 0.154, 0.154, 0.154, 0.154, 0.154, 0.154, 0.154, 0.154, 0.154, 0.154, 0.154, 0.154, 0.154, 0.154, 0.154, 0.154, 0.154, 0.154, 0.154, 0.154, 0.154, 0.154, 0.154, 0.154, 0.154, 0.154, 0.154, 0.154, 0.154 
0.154, 0.154, 0.154, 0.154, 0.154, 0.154, 0.154, 0.154, 0.154, 0.154, 0.154, 0.154, 0.154, 0.154, 0.154, 0.154, 0.154, 0.154, 0.154, 0.154, 0.154, 0.154, 0.154, 0.154, 0.154, 0.154, 0.154, 0.154, 0.154, 0.154, 0.154, 0.154, 0.154, 0.154, 0.154, 0.154, 0.154, 0.154, 0.154, 0.154, 0.154, 0.154, 0.154, 0.154, 0.154, 0.154, 0.154, 0.154, 0.154, 0.154, 0.154, 0.154, 0.154, 0.154, 0.154, 0.154, 0.154, 0.154, 0.154, 0.154, 0.154, 0.154, 0.154 
0.154, 0.154, 0.154, 0.154, 0.154, 0.154, 0.154, 0.154, 0.154, 0.154, 0.154, 0.154, 0.154, 0.154, 0.154, 0.154, 0.154, 0.154, 0.154, 0.154, 0.154, 0.154, 0.154, 0.154, 0.154, 0.154, 0.154, 0.154, 0.154, 0.154, 0.154, 0.154, 0.154, 0.154, 0.154, 0.154, 0.154, 0.154, 0.154, 0.154, 0.154, 0.154, 0.154, 0.154, 0.154, 0.154, 0.154, 0.154, 0.154, 0.154, 0.154, 0.154, 0.154, 0.154, 0.154, 0.154, 0.154, 0.154, 0.154, 0.154, 0.154, 0.154, 0.154 
0.231, 0.231, 0.231, 0.231, 0.231, 0.231, 0.231, 0.231, 0.231, 0.231, 0.231, 0.231, 0.231, 0.231, 0.231, 0.231, 0.231, 0.231, 0.231, 0.231, 0.231, 0.231, 0.231, 0.231, 0.231, 0.231, 0.231, 0.231, 0.231, 0.231, 0.231, 0.231, 0.231, 0.231, 0.231, 0.231, 0.231, 0.231, 0.231, 0.231, 0.231, 0.231, 0.231, 0.231, 0.231, 0.231, 0.231, 0.231, 0.231, 0.231, 0.231, 0.231, 0.231, 0.231, 0.231, 0.231, 0.231, 0.231, 0.231, 0.231, 0.231, 0.231, 0.231 
0.154, 0.154, 0.154, 0.154, 0.154, 0.154, 0.154, 0.154, 0.154, 0.154, 0.154, 0.154, 0.154, 0.154, 0.154, 0.154, 0.154, 0.154, 0.154, 0.154, 0.154, 0.154, 0.154, 0.154, 0.154, 0.154, 0.154, 0.154, 0.154, 0.154, 0.154, 0.154, 0.154, 0.154, 0.154, 0.154, 0.154, 0.154, 0.154, 0.154, 0.154, 0.154, 0.154, 0.154, 0.154, 0.154, 0.154, 0.154, 0.154, 0.154, 0.154, 0.154, 0.154, 0.154, 0.154, 0.154, 0.154, 0.154, 0.154, 0.154, 0.154, 0.154, 0.154 
0.25, 0.25, 0.25, 0.25, 0.25, 0.25, 0.25, 0.25, 0.25, 0.25, 0.25, 0.25, 0.25, 0.25, 0.25, 0.25, 0.25, 0.25, 0.25, 0.25, 0.25, 0.25, 0.25, 0.25, 0.25, 0.25, 0.25, 0.25, 0.25, 0.25, 0.25, 0.25, 0.25, 0.25, 0.25, 0.25, 0.25, 0.25, 0.25, 0.25, 0.25, 0.25, 0.25, 0.25, 0.25, 0.25, 0.25, 0.25, 0.25, 0.25, 0.25, 0.25, 0.25, 0.25, 0.25, 0.25, 0.25, 0.25, 0.25, 0.25, 0.25, 0.25, 0.25 
0.154, 0.154, 0.154, 0.154, 0.154, 0.154, 0.154, 0.154, 0.154, 0.154, 0.154, 0.154, 0.154, 0.154, 0.154, 0.154, 0.154, 0.154, 0.154, 0.154, 0.154, 0.154, 0.154, 0.154, 0.154, 0.154, 0.154, 0.154, 0.154, 0.154, 0.154, 0.154, 0.154, 0.154, 0.154, 0.154, 0.154, 0.154, 0.154, 0.154, 0.154, 0.154, 0.154, 0.154, 0.154, 0.154, 0.154, 0.154, 0.154, 0.154, 0.154, 0.154, 0.154, 0.154, 0.154, 0.154, 0.154, 0.154, 0.154, 0.154, 0.154, 0.154, 0.154 
0.154, 0.154, 0.154, 0.154, 0.154, 0.154, 0.154, 0.154, 0.154, 0.154, 0.154, 0.154, 0.154, 0.154, 0.154, 0.154, 0.154, 0.154, 0.154, 0.154, 0.154, 0.154, 0.154, 0.154, 0.154, 0.154, 0.154, 0.154, 0.154, 0.154, 0.154, 0.154, 0.154, 0.154, 0.154, 0.154, 0.154, 0.154, 0.154, 0.154, 0.154, 0.154, 0.154, 0.154, 0.154, 0.154, 0.154, 0.154, 0.154, 0.154, 0.154, 0.154, 0.154, 0.154, 0.154, 0.154, 0.154, 0.154, 0.154, 0.154, 0.154, 0.154, 0.154 
0.0, 0.0, 0.0, 0.0, 0.0, 0.0, 0.0, 0.0, 0.0, 0.0, 0.0, 0.0, 0.0, 0.0, 0.0, 0.0, 0.0, 0.0, 0.0, 0.0, 0.0, 0.0, 0.0, 0.0, 0.0, 0.0, 0.0, 0.0, 0.0, 0.0, 0.0, 0.0, 0.0, 0.0, 0.0, 0.0, 0.0, 0.0, 0.0, 0.0, 0.0, 0.0, 0.0, 0.0, 0.0, 0.0, 0.0, 0.0, 0.0, 0.0, 0.0, 0.0, 0.0, 0.0, 0.0, 0.0, 0.0, 0.0, 0.0, 0.0, 0.0, 0.0, 0.0 
0.154, 0.154, 0.154, 0.154, 0.154, 0.154, 0.154, 0.154, 0.154, 0.154, 0.154, 0.154, 0.154, 0.154, 0.154, 0.154, 0.154, 0.154, 0.154, 0.154, 0.154, 0.154, 0.154, 0.154, 0.154, 0.154, 0.154, 0.154, 0.154, 0.154, 0.154, 0.154, 0.154, 0.154, 0.154, 0.154, 0.154, 0.154, 0.154, 0.154, 0.154, 0.154, 0.154, 0.154, 0.154, 0.154, 0.154, 0.154, 0.154, 0.154, 0.154, 0.154, 0.154, 0.154, 0.154, 0.154, 0.154, 0.154, 0.154, 0.154, 0.154, 0.154, 0.154 
0.25, 0.25, 0.25, 0.25, 0.25, 0.25, 0.25, 0.25, 0.25, 0.25, 0.25, 0.25, 0.25, 0.25, 0.25, 0.25, 0.25, 0.25, 0.25, 0.25, 0.25, 0.25, 0.25, 0.25, 0.25, 0.25, 0.25, 0.25, 0.25, 0.25, 0.25, 0.25, 0.25, 0.25, 0.25, 0.25, 0.25, 0.25, 0.25, 0.25, 0.25, 0.25, 0.25, 0.25, 0.25, 0.25, 0.25, 0.25, 0.25, 0.25, 0.25, 0.25, 0.25, 0.25, 0.25, 0.25, 0.25, 0.25, 0.25, 0.25, 0.25, 0.25, 0.25 
0.333, 0.333, 0.333, 0.333, 0.333, 0.333, 0.333, 0.333, 0.333, 0.333, 0.333, 0.333, 0.333, 0.333, 0.333, 0.333, 0.333, 0.333, 0.333, 0.333, 0.333, 0.333, 0.333, 0.333, 0.333, 0.333, 0.333, 0.333, 0.333, 0.333, 0.333, 0.333, 0.333, 0.333, 0.333, 0.333, 0.333, 0.333, 0.333, 0.333, 0.333, 0.333, 0.333, 0.333, 0.333, 0.333, 0.333, 0.333, 0.333, 0.333, 0.333, 0.333, 0.333, 0.333, 0.333, 0.333, 0.333, 0.333, 0.333, 0.333, 0.333, 0.333, 0.333 
0.0, 0.0, 0.0, 0.0, 0.0, 0.0, 0.0, 0.0, 0.0, 0.0, 0.0, 0.0, 0.0, 0.0, 0.0, 0.0, 0.0, 0.0, 0.0, 0.0, 0.0, 0.0, 0.0, 0.0, 0.0, 0.0, 0.0, 0.0, 0.0, 0.0, 0.0, 0.0, 0.0, 0.0, 0.0, 0.0, 0.0, 0.0, 0.0, 0.0, 0.0, 0.0, 0.0, 0.0, 0.0, 0.0, 0.0, 0.0, 0.0, 0.0, 0.0, 0.0, 0.0, 0.0, 0.0, 0.0, 0.0, 0.0, 0.0, 0.0, 0.0, 0.0, 0.0 
0.0, 0.0, 0.0, 0.0, 0.0, 0.0, 0.0, 0.0, 0.0, 0.0, 0.0, 0.0, 0.0, 0.0, 0.0, 0.0, 0.0, 0.0, 0.0, 0.0, 0.0, 0.0, 0.0, 0.0, 0.0, 0.0, 0.0, 0.0, 0.0, 0.0, 0.0, 0.0, 0.0, 0.0, 0.0, 0.0, 0.0, 0.0, 0.0, 0.0, 0.0, 0.0, 0.0, 0.0, 0.0, 0.0, 0.0, 0.0, 0.0, 0.0, 0.0, 0.0, 0.0, 0.0, 0.0, 0.0, 0.0, 0.0, 0.0, 0.0, 0.0, 0.0, 0.0 
0.0, 0.0, 0.0, 0.0, 0.0, 0.0, 0.0, 0.0, 0.0, 0.0, 0.0, 0.0, 0.0, 0.0, 0.0, 0.0, 0.0, 0.0, 0.0, 0.0, 0.0, 0.0, 0.0, 0.0, 0.0, 0.0, 0.0, 0.0, 0.0, 0.0, 0.0, 0.0, 0.0, 0.0, 0.0, 0.0, 0.0, 0.0, 0.0, 0.0, 0.0, 0.0, 0.0, 0.0, 0.0, 0.0, 0.0, 0.0, 0.0, 0.0, 0.0, 0.0, 0.0, 0.0, 0.0, 0.0, 0.0, 0.0, 0.0, 0.0, 0.0, 0.0, 0.0 
0.182, 0.182, 0.182, 0.182, 0.182, 0.182, 0.182, 0.182, 0.182, 0.182, 0.182, 0.182, 0.182, 0.182, 0.182, 0.182, 0.182, 0.182, 0.182, 0.182, 0.182, 0.182, 0.182, 0.182, 0.182, 0.182, 0.182, 0.182, 0.182, 0.182, 0.182, 0.182, 0.182, 0.182, 0.182, 0.182, 0.182, 0.182, 0.182, 0.182, 0.182, 0.182, 0.182, 0.182, 0.182, 0.182, 0.182, 0.182, 0.182, 0.182, 0.182, 0.182, 0.182, 0.182, 0.182, 0.182, 0.182, 0.182, 0.182, 0.182, 0.182, 0.182, 0.182 
0.25, 0.25, 0.25, 0.25, 0.25, 0.25, 0.25, 0.25, 0.25, 0.25, 0.25, 0.25, 0.25, 0.25, 0.25, 0.25, 0.25, 0.25, 0.25, 0.25, 0.25, 0.25, 0.25, 0.25, 0.25, 0.25, 0.25, 0.25, 0.25, 0.25, 0.25, 0.25, 0.25, 0.25, 0.25, 0.25, 0.25, 0.25, 0.25, 0.25, 0.25, 0.25, 0.25, 0.25, 0.25, 0.25, 0.25, 0.25, 0.25, 0.25, 0.25, 0.25, 0.25, 0.25, 0.25, 0.25, 0.25, 0.25, 0.25, 0.25, 0.25, 0.25, 0.25 
0.154, 0.154, 0.154, 0.154, 0.154, 0.154, 0.154, 0.154, 0.154, 0.154, 0.154, 0.154, 0.154, 0.154, 0.154, 0.154, 0.154, 0.154, 0.154, 0.154, 0.154, 0.154, 0.154, 0.154, 0.154, 0.154, 0.154, 0.154, 0.154, 0.154, 0.154, 0.154, 0.154, 0.154, 0.154, 0.154, 0.154, 0.154, 0.154, 0.154, 0.154, 0.154, 0.154, 0.154, 0.154, 0.154, 0.154, 0.154, 0.154, 0.154, 0.154, 0.154, 0.154, 0.154, 0.154, 0.154, 0.154, 0.154, 0.154, 0.154, 0.154, 0.154, 0.154 
0.0, 0.0, 0.0, 0.0, 0.0, 0.0, 0.0, 0.0, 0.0, 0.0, 0.0, 0.0, 0.0, 0.0, 0.0, 0.0, 0.0, 0.0, 0.0, 0.0, 0.0, 0.0, 0.0, 0.0, 0.0, 0.0, 0.0, 0.0, 0.0, 0.0, 0.0, 0.0, 0.0, 0.0, 0.0, 0.0, 0.0, 0.0, 0.0, 0.0, 0.0, 0.0, 0.0, 0.0, 0.0, 0.0, 0.0, 0.0, 0.0, 0.0, 0.0, 0.0, 0.0, 0.0, 0.0, 0.0, 0.0, 0.0, 0.0, 0.0, 0.0, 0.0, 0.0 
0.182, 0.182, 0.182, 0.182, 0.182, 0.182, 0.182, 0.182, 0.182, 0.182, 0.182, 0.182, 0.182, 0.182, 0.182, 0.182, 0.182, 0.182, 0.182, 0.182, 0.182, 0.182, 0.182, 0.182, 0.182, 0.182, 0.182, 0.182, 0.182, 0.182, 0.182, 0.182, 0.182, 0.182, 0.182, 0.182, 0.182, 0.182, 0.182, 0.182, 0.182, 0.182, 0.182, 0.182, 0.182, 0.182, 0.182, 0.182, 0.182, 0.182, 0.182, 0.182, 0.182, 0.182, 0.182, 0.182, 0.182, 0.182, 0.182, 0.182, 0.182, 0.182, 0.182 
0.0, 0.0, 0.0, 0.0, 0.0, 0.0, 0.0, 0.0, 0.0, 0.0, 0.0, 0.0, 0.0, 0.0, 0.0, 0.0, 0.0, 0.0, 0.0, 0.0, 0.0, 0.0, 0.0, 0.0, 0.0, 0.0, 0.0, 0.0, 0.0, 0.0, 0.0, 0.0, 0.0, 0.0, 0.0, 0.0, 0.0, 0.0, 0.0, 0.0, 0.0, 0.0, 0.0, 0.0, 0.0, 0.0, 0.0, 0.0, 0.0, 0.0, 0.0, 0.0, 0.0, 0.0, 0.0, 0.0, 0.0, 0.0, 0.0, 0.0, 0.0, 0.0, 0.0 
0.25, 0.25, 0.25, 0.25, 0.25, 0.25, 0.25, 0.25, 0.25, 0.25, 0.25, 0.25, 0.25, 0.25, 0.25, 0.25, 0.25, 0.25, 0.25, 0.25, 0.25, 0.25, 0.25, 0.25, 0.25, 0.25, 0.25, 0.25, 0.25, 0.25, 0.25, 0.25, 0.25, 0.25, 0.25, 0.25, 0.25, 0.25, 0.25, 0.25, 0.25, 0.25, 0.25, 0.25, 0.25, 0.25, 0.25, 0.25, 0.25, 0.25, 0.25, 0.25, 0.25, 0.25, 0.25, 0.25, 0.25, 0.25, 0.25, 0.25, 0.25, 0.25, 0.25 
0.3, 0.3, 0.3, 0.3, 0.3, 0.3, 0.3, 0.3, 0.3, 0.3, 0.3, 0.3, 0.3, 0.3, 0.3, 0.3, 0.3, 0.3, 0.3, 0.3, 0.3, 0.3, 0.3, 0.3, 0.3, 0.3, 0.3, 0.3, 0.3, 0.3, 0.3, 0.3, 0.3, 0.3, 0.3, 0.3, 0.3, 0.3, 0.3, 0.3, 0.3, 0.3, 0.3, 0.3, 0.3, 0.3, 0.3, 0.3, 0.3, 0.3, 0.3, 0.3, 0.3, 0.3, 0.3, 0.3, 0.3, 0.3, 0.3, 0.3, 0.3, 0.3, 0.3 
0.0, 0.0, 0.0, 0.0, 0.0, 0.0, 0.0, 0.0, 0.0, 0.0, 0.0, 0.0, 0.0, 0.0, 0.0, 0.0, 0.0, 0.0, 0.0, 0.0, 0.0, 0.0, 0.0, 0.0, 0.0, 0.0, 0.0, 0.0, 0.0, 0.0, 0.0, 0.0, 0.0, 0.0, 0.0, 0.0, 0.0, 0.0, 0.0, 0.0, 0.0, 0.0, 0.0, 0.0, 0.0, 0.0, 0.0, 0.0, 0.0, 0.0, 0.0, 0.0, 0.0, 0.0, 0.0, 0.0, 0.0, 0.0, 0.0, 0.0, 0.0, 0.0, 0.0 
0.167, 0.167, 0.167, 0.167, 0.167, 0.167, 0.167, 0.167, 0.167, 0.167, 0.167, 0.167, 0.167, 0.167, 0.167, 0.167, 0.167, 0.167, 0.167, 0.167, 0.167, 0.167, 0.167, 0.167, 0.167, 0.167, 0.167, 0.167, 0.167, 0.167, 0.167, 0.167, 0.167, 0.167, 0.167, 0.167, 0.167, 0.167, 0.167, 0.167, 0.167, 0.167, 0.167, 0.167, 0.167, 0.167, 0.167, 0.167, 0.167, 0.167, 0.167, 0.167, 0.167, 0.167, 0.167, 0.167, 0.167, 0.167, 0.167, 0.167, 0.167, 0.167, 0.167 
0.0, 0.0, 0.0, 0.0, 0.0, 0.0, 0.0, 0.0, 0.0, 0.0, 0.0, 0.0, 0.0, 0.0, 0.0, 0.0, 0.0, 0.0, 0.0, 0.0, 0.0, 0.0, 0.0, 0.0, 0.0, 0.0, 0.0, 0.0, 0.0, 0.0, 0.0, 0.0, 0.0, 0.0, 0.0, 0.0, 0.0, 0.0, 0.0, 0.0, 0.0, 0.0, 0.0, 0.0, 0.0, 0.0, 0.0, 0.0, 0.0, 0.0, 0.0, 0.0, 0.0, 0.0, 0.0, 0.0, 0.0, 0.0, 0.0, 0.0, 0.0, 0.0, 0.0 
0.3, 0.3, 0.3, 0.3, 0.3, 0.3, 0.3, 0.3, 0.3, 0.3, 0.3, 0.3, 0.3, 0.3, 0.3, 0.3, 0.3, 0.3, 0.3, 0.3, 0.3, 0.3, 0.3, 0.3, 0.3, 0.3, 0.3, 0.3, 0.3, 0.3, 0.3, 0.3, 0.3, 0.3, 0.3, 0.3, 0.3, 0.3, 0.3, 0.3, 0.3, 0.3, 0.3, 0.3, 0.3, 0.3, 0.3, 0.3, 0.3, 0.3, 0.3, 0.3, 0.3, 0.3, 0.3, 0.3, 0.3, 0.3, 0.3, 0.3, 0.3, 0.3, 0.3 
0.0, 0.0, 0.0, 0.0, 0.0, 0.0, 0.0, 0.0, 0.0, 0.0, 0.0, 0.0, 0.0, 0.0, 0.0, 0.0, 0.0, 0.0, 0.0, 0.0, 0.0, 0.0, 0.0, 0.0, 0.0, 0.0, 0.0, 0.0, 0.0, 0.0, 0.0, 0.0, 0.0, 0.0, 0.0, 0.0, 0.0, 0.0, 0.0, 0.0, 0.0, 0.0, 0.0, 0.0, 0.0, 0.0, 0.0, 0.0, 0.0, 0.0, 0.0, 0.0, 0.0, 0.0, 0.0, 0.0, 0.0, 0.0, 0.0, 0.0, 0.0, 0.0, 0.0 
0.154, 0.154, 0.154, 0.154, 0.154, 0.154, 0.154, 0.154, 0.154, 0.154, 0.154, 0.154, 0.154, 0.154, 0.154, 0.154, 0.154, 0.154, 0.154, 0.154, 0.154, 0.154, 0.154, 0.154, 0.154, 0.154, 0.154, 0.154, 0.154, 0.154, 0.154, 0.154, 0.154, 0.154, 0.154, 0.154, 0.154, 0.154, 0.154, 0.154, 0.154, 0.154, 0.154, 0.154, 0.154, 0.154, 0.154, 0.154, 0.154, 0.154, 0.154, 0.154, 0.154, 0.154, 0.154, 0.154, 0.154, 0.154, 0.154, 0.154, 0.154, 0.154, 0.154 
0.0, 0.0, 0.0, 0.0, 0.0, 0.0, 0.0, 0.0, 0.0, 0.0, 0.0, 0.0, 0.0, 0.0, 0.0, 0.0, 0.0, 0.0, 0.0, 0.0, 0.0, 0.0, 0.0, 0.0, 0.0, 0.0, 0.0, 0.0, 0.0, 0.0, 0.0, 0.0, 0.0, 0.0, 0.0, 0.0, 0.0, 0.0, 0.0, 0.0, 0.0, 0.0, 0.0, 0.0, 0.0, 0.0, 0.0, 0.0, 0.0, 0.0, 0.0, 0.0, 0.0, 0.0, 0.0, 0.0, 0.0, 0.0, 0.0, 0.0, 0.0, 0.0, 0.0 
0.25, 0.25, 0.25, 0.25, 0.25, 0.25, 0.25, 0.25, 0.25, 0.25, 0.25, 0.25, 0.25, 0.25, 0.25, 0.25, 0.25, 0.25, 0.25, 0.25, 0.25, 0.25, 0.25, 0.25, 0.25, 0.25, 0.25, 0.25, 0.25, 0.25, 0.25, 0.25, 0.25, 0.25, 0.25, 0.25, 0.25, 0.25, 0.25, 0.25, 0.25, 0.25, 0.25, 0.25, 0.25, 0.25, 0.25, 0.25, 0.25, 0.25, 0.25, 0.25, 0.25, 0.25, 0.25, 0.25, 0.25, 0.25, 0.25, 0.25, 0.25, 0.25, 0.25 
0.0, 0.0, 0.0, 0.0, 0.0, 0.0, 0.0, 0.0, 0.0, 0.0, 0.0, 0.0, 0.0, 0.0, 0.0, 0.0, 0.0, 0.0, 0.0, 0.0, 0.0, 0.0, 0.0, 0.0, 0.0, 0.0, 0.0, 0.0, 0.0, 0.0, 0.0, 0.0, 0.0, 0.0, 0.0, 0.0, 0.0, 0.0, 0.0, 0.0, 0.0, 0.0, 0.0, 0.0, 0.0, 0.0, 0.0, 0.0, 0.0, 0.0, 0.0, 0.0, 0.0, 0.0, 0.0, 0.0, 0.0, 0.0, 0.0, 0.0, 0.0, 0.0, 0.0 
0.167, 0.167, 0.167, 0.167, 0.167, 0.167, 0.167, 0.167, 0.167, 0.167, 0.167, 0.167, 0.167, 0.167, 0.167, 0.167, 0.167, 0.167, 0.167, 0.167, 0.167, 0.167, 0.167, 0.167, 0.167, 0.167, 0.167, 0.167, 0.167, 0.167, 0.167, 0.167, 0.167, 0.167, 0.167, 0.167, 0.167, 0.167, 0.167, 0.167, 0.167, 0.167, 0.167, 0.167, 0.167, 0.167, 0.167, 0.167, 0.167, 0.167, 0.167, 0.167, 0.167, 0.167, 0.167, 0.167, 0.167, 0.167, 0.167, 0.167, 0.167, 0.167, 0.167 
0.154, 0.154, 0.154, 0.154, 0.154, 0.154, 0.154, 0.154, 0.154, 0.154, 0.154, 0.154, 0.154, 0.154, 0.154, 0.154, 0.154, 0.154, 0.154, 0.154, 0.154, 0.154, 0.154, 0.154, 0.154, 0.154, 0.154, 0.154, 0.154, 0.154, 0.154, 0.154, 0.154, 0.154, 0.154, 0.154, 0.154, 0.154, 0.154, 0.154, 0.154, 0.154, 0.154, 0.154, 0.154, 0.154, 0.154, 0.154, 0.154, 0.154, 0.154, 0.154, 0.154, 0.154, 0.154, 0.154, 0.154, 0.154, 0.154, 0.154, 0.154, 0.154, 0.154 
0.154, 0.154, 0.154, 0.154, 0.154, 0.154, 0.154, 0.154, 0.154, 0.154, 0.154, 0.154, 0.154, 0.154, 0.154, 0.154, 0.154, 0.154, 0.154, 0.154, 0.154, 0.154, 0.154, 0.154, 0.154, 0.154, 0.154, 0.154, 0.154, 0.154, 0.154, 0.154, 0.154, 0.154, 0.154, 0.154, 0.154, 0.154, 0.154, 0.154, 0.154, 0.154, 0.154, 0.154, 0.154, 0.154, 0.154, 0.154, 0.154, 0.154, 0.154, 0.154, 0.154, 0.154, 0.154, 0.154, 0.154, 0.154, 0.154, 0.154, 0.154, 0.154, 0.154 
0.154, 0.154, 0.154, 0.154, 0.154, 0.154, 0.154, 0.154, 0.154, 0.154, 0.154, 0.154, 0.154, 0.154, 0.154, 0.154, 0.154, 0.154, 0.154, 0.154, 0.154, 0.154, 0.154, 0.154, 0.154, 0.154, 0.154, 0.154, 0.154, 0.154, 0.154, 0.154, 0.154, 0.154, 0.154, 0.154, 0.154, 0.154, 0.154, 0.154, 0.154, 0.154, 0.154, 0.154, 0.154, 0.154, 0.154, 0.154, 0.154, 0.154, 0.154, 0.154, 0.154, 0.154, 0.154, 0.154, 0.154, 0.154, 0.154, 0.154, 0.154, 0.154, 0.154 
0.154, 0.154, 0.154, 0.154, 0.154, 0.154, 0.154, 0.154, 0.154, 0.154, 0.154, 0.154, 0.154, 0.154, 0.154, 0.154, 0.154, 0.154, 0.154, 0.154, 0.154, 0.154, 0.154, 0.154, 0.154, 0.154, 0.154, 0.154, 0.154, 0.154, 0.154, 0.154, 0.154, 0.154, 0.154, 0.154, 0.154, 0.154, 0.154, 0.154, 0.154, 0.154, 0.154, 0.154, 0.154, 0.154, 0.154, 0.154, 0.154, 0.154, 0.154, 0.154, 0.154, 0.154, 0.154, 0.154, 0.154, 0.154, 0.154, 0.154, 0.154, 0.154, 0.154 
0.0, 0.0, 0.0, 0.0, 0.0, 0.0, 0.0, 0.0, 0.0, 0.0, 0.0, 0.0, 0.0, 0.0, 0.0, 0.0, 0.0, 0.0, 0.0, 0.0, 0.0, 0.0, 0.0, 0.0, 0.0, 0.0, 0.0, 0.0, 0.0, 0.0, 0.0, 0.0, 0.0, 0.0, 0.0, 0.0, 0.0, 0.0, 0.0, 0.0, 0.0, 0.0, 0.0, 0.0, 0.0, 0.0, 0.0, 0.0, 0.0, 0.0, 0.0, 0.0, 0.0, 0.0, 0.0, 0.0, 0.0, 0.0, 0.0, 0.0, 0.0, 0.0, 0.0 
0.0, 0.0, 0.0, 0.0, 0.0, 0.0, 0.0, 0.0, 0.0, 0.0, 0.0, 0.0, 0.0, 0.0, 0.0, 0.0, 0.0, 0.0, 0.0, 0.0, 0.0, 0.0, 0.0, 0.0, 0.0, 0.0, 0.0, 0.0, 0.0, 0.0, 0.0, 0.0, 0.0, 0.0, 0.0, 0.0, 0.0, 0.0, 0.0, 0.0, 0.0, 0.0, 0.0, 0.0, 0.0, 0.0, 0.0, 0.0, 0.0, 0.0, 0.0, 0.0, 0.0, 0.0, 0.0, 0.0, 0.0, 0.0, 0.0, 0.0, 0.0, 0.0, 0.0 
0.0, 0.0, 0.0, 0.0, 0.0, 0.0, 0.0, 0.0, 0.0, 0.0, 0.0, 0.0, 0.0, 0.0, 0.0, 0.0, 0.0, 0.0, 0.0, 0.0, 0.0, 0.0, 0.0, 0.0, 0.0, 0.0, 0.0, 0.0, 0.0, 0.0, 0.0, 0.0, 0.0, 0.0, 0.0, 0.0, 0.0, 0.0, 0.0, 0.0, 0.0, 0.0, 0.0, 0.0, 0.0, 0.0, 0.0, 0.0, 0.0, 0.0, 0.0, 0.0, 0.0, 0.0, 0.0, 0.0, 0.0, 0.0, 0.0, 0.0, 0.0, 0.0, 0.0 
0.25, 0.25, 0.25, 0.25, 0.25, 0.25, 0.25, 0.25, 0.25, 0.25, 0.25, 0.25, 0.25, 0.25, 0.25, 0.25, 0.25, 0.25, 0.25, 0.25, 0.25, 0.25, 0.25, 0.25, 0.25, 0.25, 0.25, 0.25, 0.25, 0.25, 0.25, 0.25, 0.25, 0.25, 0.25, 0.25, 0.25, 0.25, 0.25, 0.25, 0.25, 0.25, 0.25, 0.25, 0.25, 0.25, 0.25, 0.25, 0.25, 0.25, 0.25, 0.25, 0.25, 0.25, 0.25, 0.25, 0.25, 0.25, 0.25, 0.25, 0.25, 0.25, 0.25 
0.143, 0.143, 0.143, 0.143, 0.143, 0.143, 0.143, 0.143, 0.143, 0.143, 0.143, 0.143, 0.143, 0.143, 0.143, 0.143, 0.143, 0.143, 0.143, 0.143, 0.143, 0.143, 0.143, 0.143, 0.143, 0.143, 0.143, 0.143, 0.143, 0.143, 0.143, 0.143, 0.143, 0.143, 0.143, 0.143, 0.143, 0.143, 0.143, 0.143, 0.143, 0.143, 0.143, 0.143, 0.143, 0.143, 0.143, 0.143, 0.143, 0.143, 0.143, 0.143, 0.143, 0.143, 0.143, 0.143, 0.143, 0.143, 0.143, 0.143, 0.143, 0.143, 0.143 
0.0, 0.0, 0.0, 0.0, 0.0, 0.0, 0.0, 0.0, 0.0, 0.0, 0.0, 0.0, 0.0, 0.0, 0.0, 0.0, 0.0, 0.0, 0.0, 0.0, 0.0, 0.0, 0.0, 0.0, 0.0, 0.0, 0.0, 0.0, 0.0, 0.0, 0.0, 0.0, 0.0, 0.0, 0.0, 0.0, 0.0, 0.0, 0.0, 0.0, 0.0, 0.0, 0.0, 0.0, 0.0, 0.0, 0.0, 0.0, 0.0, 0.0, 0.0, 0.0, 0.0, 0.0, 0.0, 0.0, 0.0, 0.0, 0.0, 0.0, 0.0, 0.0, 0.0 
0.231, 0.231, 0.231, 0.231, 0.231, 0.231, 0.231, 0.231, 0.231, 0.231, 0.231, 0.231, 0.231, 0.231, 0.231, 0.231, 0.231, 0.231, 0.231, 0.231, 0.231, 0.231, 0.231, 0.231, 0.231, 0.231, 0.231, 0.231, 0.231, 0.231, 0.231, 0.231, 0.231, 0.231, 0.231, 0.231, 0.231, 0.231, 0.231, 0.231, 0.231, 0.231, 0.231, 0.231, 0.231, 0.231, 0.231, 0.231, 0.231, 0.231, 0.231, 0.231, 0.231, 0.231, 0.231, 0.231, 0.231, 0.231, 0.231, 0.231, 0.231, 0.231, 0.231 
0.0, 0.0, 0.0, 0.0, 0.0, 0.0, 0.0, 0.0, 0.0, 0.0, 0.0, 0.0, 0.0, 0.0, 0.0, 0.0, 0.0, 0.0, 0.0, 0.0, 0.0, 0.0, 0.0, 0.0, 0.0, 0.0, 0.0, 0.0, 0.0, 0.0, 0.0, 0.0, 0.0, 0.0, 0.0, 0.0, 0.0, 0.0, 0.0, 0.0, 0.0, 0.0, 0.0, 0.0, 0.0, 0.0, 0.0, 0.0, 0.0, 0.0, 0.0, 0.0, 0.0, 0.0, 0.0, 0.0, 0.0, 0.0, 0.0, 0.0, 0.0, 0.0, 0.0 
0.222, 0.222, 0.222, 0.222, 0.222, 0.222, 0.222, 0.222, 0.222, 0.222, 0.222, 0.222, 0.222, 0.222, 0.222, 0.222, 0.222, 0.222, 0.222, 0.222, 0.222, 0.222, 0.222, 0.222, 0.222, 0.222, 0.222, 0.222, 0.222, 0.222, 0.222, 0.222, 0.222, 0.222, 0.222, 0.222, 0.222, 0.222, 0.222, 0.222, 0.222, 0.222, 0.222, 0.222, 0.222, 0.222, 0.222, 0.222, 0.222, 0.222, 0.222, 0.222, 0.222, 0.222, 0.222, 0.222, 0.222, 0.222, 0.222, 0.222, 0.222, 0.222, 0.222 
0.0, 0.0, 0.0, 0.0, 0.0, 0.0, 0.0, 0.0, 0.0, 0.0, 0.0, 0.0, 0.0, 0.0, 0.0, 0.0, 0.0, 0.0, 0.0, 0.0, 0.0, 0.0, 0.0, 0.0, 0.0, 0.0, 0.0, 0.0, 0.0, 0.0, 0.0, 0.0, 0.0, 0.0, 0.0, 0.0, 0.0, 0.0, 0.0, 0.0, 0.0, 0.0, 0.0, 0.0, 0.0, 0.0, 0.0, 0.0, 0.0, 0.0, 0.0, 0.0, 0.0, 0.0, 0.0, 0.0, 0.0, 0.0, 0.0, 0.0, 0.0, 0.0, 0.0 
0.0, 0.0, 0.0, 0.0, 0.0, 0.0, 0.0, 0.0, 0.0, 0.0, 0.0, 0.0, 0.0, 0.0, 0.0, 0.0, 0.0, 0.0, 0.0, 0.0, 0.0, 0.0, 0.0, 0.0, 0.0, 0.0, 0.0, 0.0, 0.0, 0.0, 0.0, 0.0, 0.0, 0.0, 0.0, 0.0, 0.0, 0.0, 0.0, 0.0, 0.0, 0.0, 0.0, 0.0, 0.0, 0.0, 0.0, 0.0, 0.0, 0.0, 0.0, 0.0, 0.0, 0.0, 0.0, 0.0, 0.0, 0.0, 0.0, 0.0, 0.0, 0.0, 0.0 
0.154, 0.154, 0.154, 0.154, 0.154, 0.154, 0.154, 0.154, 0.154, 0.154, 0.154, 0.154, 0.154, 0.154, 0.154, 0.154, 0.154, 0.154, 0.154, 0.154, 0.154, 0.154, 0.154, 0.154, 0.154, 0.154, 0.154, 0.154, 0.154, 0.154, 0.154, 0.154, 0.154, 0.154, 0.154, 0.154, 0.154, 0.154, 0.154, 0.154, 0.154, 0.154, 0.154, 0.154, 0.154, 0.154, 0.154, 0.154, 0.154, 0.154, 0.154, 0.154, 0.154, 0.154, 0.154, 0.154, 0.154, 0.154, 0.154, 0.154, 0.154, 0.154, 0.154 
0.25, 0.25, 0.25, 0.25, 0.25, 0.25, 0.25, 0.25, 0.25, 0.25, 0.25, 0.25, 0.25, 0.25, 0.25, 0.25, 0.25, 0.25, 0.25, 0.25, 0.25, 0.25, 0.25, 0.25, 0.25, 0.25, 0.25, 0.25, 0.25, 0.25, 0.25, 0.25, 0.25, 0.25, 0.25, 0.25, 0.25, 0.25, 0.25, 0.25, 0.25, 0.25, 0.25, 0.25, 0.25, 0.25, 0.25, 0.25, 0.25, 0.25, 0.25, 0.25, 0.25, 0.25, 0.25, 0.25, 0.25, 0.25, 0.25, 0.25, 0.25, 0.25, 0.25 
0.0, 0.0, 0.0, 0.0, 0.0, 0.0, 0.0, 0.0, 0.0, 0.0, 0.0, 0.0, 0.0, 0.0, 0.0, 0.0, 0.0, 0.0, 0.0, 0.0, 0.0, 0.0, 0.0, 0.0, 0.0, 0.0, 0.0, 0.0, 0.0, 0.0, 0.0, 0.0, 0.0, 0.0, 0.0, 0.0, 0.0, 0.0, 0.0, 0.0, 0.0, 0.0, 0.0, 0.0, 0.0, 0.0, 0.0, 0.0, 0.0, 0.0, 0.0, 0.0, 0.0, 0.0, 0.0, 0.0, 0.0, 0.0, 0.0, 0.0, 0.0, 0.0, 0.0 
0.154, 0.154, 0.154, 0.154, 0.154, 0.154, 0.154, 0.154, 0.154, 0.154, 0.154, 0.154, 0.154, 0.154, 0.154, 0.154, 0.154, 0.154, 0.154, 0.154, 0.154, 0.154, 0.154, 0.154, 0.154, 0.154, 0.154, 0.154, 0.154, 0.154, 0.154, 0.154, 0.154, 0.154, 0.154, 0.154, 0.154, 0.154, 0.154, 0.154, 0.154, 0.154, 0.154, 0.154, 0.154, 0.154, 0.154, 0.154, 0.154, 0.154, 0.154, 0.154, 0.154, 0.154, 0.154, 0.154, 0.154, 0.154, 0.154, 0.154, 0.154, 0.154, 0.154 
0.4, 0.4, 0.4, 0.4, 0.4, 0.4, 0.4, 0.4, 0.4, 0.4, 0.4, 0.4, 0.4, 0.4, 0.4, 0.4, 0.4, 0.4, 0.4, 0.4, 0.4, 0.4, 0.4, 0.4, 0.4, 0.4, 0.4, 0.4, 0.4, 0.4, 0.4, 0.4, 0.4, 0.4, 0.4, 0.4, 0.4, 0.4, 0.4, 0.4, 0.4, 0.4, 0.4, 0.4, 0.4, 0.4, 0.4, 0.4, 0.4, 0.4, 0.4, 0.4, 0.4, 0.4, 0.4, 0.4, 0.4, 0.4, 0.4, 0.4, 0.4, 0.4, 0.4 
0.154, 0.154, 0.154, 0.154, 0.154, 0.154, 0.154, 0.154, 0.154, 0.154, 0.154, 0.154, 0.154, 0.154, 0.154, 0.154, 0.154, 0.154, 0.154, 0.154, 0.154, 0.154, 0.154, 0.154, 0.154, 0.154, 0.154, 0.154, 0.154, 0.154, 0.154, 0.154, 0.154, 0.154, 0.154, 0.154, 0.154, 0.154, 0.154, 0.154, 0.154, 0.154, 0.154, 0.154, 0.154, 0.154, 0.154, 0.154, 0.154, 0.154, 0.154, 0.154, 0.154, 0.154, 0.154, 0.154, 0.154, 0.154, 0.154, 0.154, 0.154, 0.154, 0.154 
0.125, 0.125, 0.125, 0.125, 0.125, 0.125, 0.125, 0.125, 0.125, 0.125, 0.125, 0.125, 0.125, 0.125, 0.125, 0.125, 0.125, 0.125, 0.125, 0.125, 0.125, 0.125, 0.125, 0.125, 0.125, 0.125, 0.125, 0.125, 0.125, 0.125, 0.125, 0.125, 0.125, 0.125, 0.125, 0.125, 0.125, 0.125, 0.125, 0.125, 0.125, 0.125, 0.125, 0.125, 0.125, 0.125, 0.125, 0.125, 0.125, 0.125, 0.125, 0.125, 0.125, 0.125, 0.125, 0.125, 0.125, 0.125, 0.125, 0.125, 0.125, 0.125, 0.125 
0.154, 0.154, 0.154, 0.154, 0.154, 0.154, 0.154, 0.154, 0.154, 0.154, 0.154, 0.154, 0.154, 0.154, 0.154, 0.154, 0.154, 0.154, 0.154, 0.154, 0.154, 0.154, 0.154, 0.154, 0.154, 0.154, 0.154, 0.154, 0.154, 0.154, 0.154, 0.154, 0.154, 0.154, 0.154, 0.154, 0.154, 0.154, 0.154, 0.154, 0.154, 0.154, 0.154, 0.154, 0.154, 0.154, 0.154, 0.154, 0.154, 0.154, 0.154, 0.154, 0.154, 0.154, 0.154, 0.154, 0.154, 0.154, 0.154, 0.154, 0.154, 0.154, 0.154 
0.222, 0.222, 0.222, 0.222, 0.222, 0.222, 0.222, 0.222, 0.222, 0.222, 0.222, 0.222, 0.222, 0.222, 0.222, 0.222, 0.222, 0.222, 0.222, 0.222, 0.222, 0.222, 0.222, 0.222, 0.222, 0.222, 0.222, 0.222, 0.222, 0.222, 0.222, 0.222, 0.222, 0.222, 0.222, 0.222, 0.222, 0.222, 0.222, 0.222, 0.222, 0.222, 0.222, 0.222, 0.222, 0.222, 0.222, 0.222, 0.222, 0.222, 0.222, 0.222, 0.222, 0.222, 0.222, 0.222, 0.222, 0.222, 0.222, 0.222, 0.222, 0.222, 0.222 
0.222, 0.222, 0.222, 0.222, 0.222, 0.222, 0.222, 0.222, 0.222, 0.222, 0.222, 0.222, 0.222, 0.222, 0.222, 0.222, 0.222, 0.222, 0.222, 0.222, 0.222, 0.222, 0.222, 0.222, 0.222, 0.222, 0.222, 0.222, 0.222, 0.222, 0.222, 0.222, 0.222, 0.222, 0.222, 0.222, 0.222, 0.222, 0.222, 0.222, 0.222, 0.222, 0.222, 0.222, 0.222, 0.222, 0.222, 0.222, 0.222, 0.222, 0.222, 0.222, 0.222, 0.222, 0.222, 0.222, 0.222, 0.222, 0.222, 0.222, 0.222, 0.222, 0.222 
0.571, 0.571, 0.571, 0.571, 0.571, 0.571, 0.571, 0.571, 0.571, 0.571, 0.571, 0.571, 0.571, 0.571, 0.571, 0.571, 0.571, 0.571, 0.571, 0.571, 0.571, 0.571, 0.571, 0.571, 0.571, 0.571, 0.571, 0.571, 0.571, 0.571, 0.571, 0.571, 0.571, 0.571, 0.571, 0.571, 0.571, 0.571, 0.571, 0.571, 0.571, 0.571, 0.571, 0.571, 0.571, 0.571, 0.571, 0.571, 0.571, 0.571, 0.571, 0.571, 0.571, 0.571, 0.571, 0.571, 0.571, 0.571, 0.571, 0.571, 0.571, 0.571, 0.571 
0.6, 0.6, 0.6, 0.6, 0.6, 0.6, 0.6, 0.6, 0.6, 0.6, 0.6, 0.6, 0.6, 0.6, 0.6, 0.6, 0.6, 0.6, 0.6, 0.6, 0.6, 0.6, 0.6, 0.6, 0.6, 0.6, 0.6, 0.6, 0.6, 0.6, 0.6, 0.6, 0.6, 0.6, 0.6, 0.6, 0.6, 0.6, 0.6, 0.6, 0.6, 0.6, 0.6, 0.6, 0.6, 0.6, 0.6, 0.6, 0.6, 0.6, 0.6, 0.6, 0.6, 0.6, 0.6, 0.6, 0.6, 0.6, 0.6, 0.6, 0.6, 0.6, 0.6 
0.444, 0.444, 0.444, 0.444, 0.444, 0.444, 0.444, 0.444, 0.444, 0.444, 0.444, 0.444, 0.444, 0.444, 0.444, 0.444, 0.444, 0.444, 0.444, 0.444, 0.444, 0.444, 0.444, 0.444, 0.444, 0.444, 0.444, 0.444, 0.444, 0.444, 0.444, 0.444, 0.444, 0.444, 0.444, 0.444, 0.444, 0.444, 0.444, 0.444, 0.444, 0.444, 0.444, 0.444, 0.444, 0.444, 0.444, 0.444, 0.444, 0.444, 0.444, 0.444, 0.444, 0.444, 0.444, 0.444, 0.444, 0.444, 0.444, 0.444, 0.444, 0.444, 0.444 
0.5, 0.5, 0.5, 0.5, 0.5, 0.5, 0.5, 0.5, 0.5, 0.5, 0.5, 0.5, 0.5, 0.5, 0.5, 0.5, 0.5, 0.5, 0.5, 0.5, 0.5, 0.5, 0.5, 0.5, 0.5, 0.5, 0.5, 0.5, 0.5, 0.5, 0.5, 0.5, 0.5, 0.5, 0.5, 0.5, 0.5, 0.5, 0.5, 0.5, 0.5, 0.5, 0.5, 0.5, 0.5, 0.5, 0.5, 0.5, 0.5, 0.5, 0.5, 0.5, 0.5, 0.5, 0.5, 0.5, 0.5, 0.5, 0.5, 0.5, 0.5, 0.5, 0.5 
0.143, 0.143, 0.143, 0.143, 0.143, 0.143, 0.143, 0.143, 0.143, 0.143, 0.143, 0.143, 0.143, 0.143, 0.143, 0.143, 0.143, 0.143, 0.143, 0.143, 0.143, 0.143, 0.143, 0.143, 0.143, 0.143, 0.143, 0.143, 0.143, 0.143, 0.143, 0.143, 0.143, 0.143, 0.143, 0.143, 0.143, 0.143, 0.143, 0.143, 0.143, 0.143, 0.143, 0.143, 0.143, 0.143, 0.143, 0.143, 0.143, 0.143, 0.143, 0.143, 0.143, 0.143, 0.143, 0.143, 0.143, 0.143, 0.143, 0.143, 0.143, 0.143, 0.143 
0.0, 0.0, 0.0, 0.0, 0.0, 0.0, 0.0, 0.0, 0.0, 0.0, 0.0, 0.0, 0.0, 0.0, 0.0, 0.0, 0.0, 0.0, 0.0, 0.0, 0.0, 0.0, 0.0, 0.0, 0.0, 0.0, 0.0, 0.0, 0.0, 0.0, 0.0, 0.0, 0.0, 0.0, 0.0, 0.0, 0.0, 0.0, 0.0, 0.0, 0.0, 0.0, 0.0, 0.0, 0.0, 0.0, 0.0, 0.0, 0.0, 0.0, 0.0, 0.0, 0.0, 0.0, 0.0, 0.0, 0.0, 0.0, 0.0, 0.0, 0.0, 0.0, 0.0 
0.0, 0.0, 0.0, 0.0, 0.0, 0.0, 0.0, 0.0, 0.0, 0.0, 0.0, 0.0, 0.0, 0.0, 0.0, 0.0, 0.0, 0.0, 0.0, 0.0, 0.0, 0.0, 0.0, 0.0, 0.0, 0.0, 0.0, 0.0, 0.0, 0.0, 0.0, 0.0, 0.0, 0.0, 0.0, 0.0, 0.0, 0.0, 0.0, 0.0, 0.0, 0.0, 0.0, 0.0, 0.0, 0.0, 0.0, 0.0, 0.0, 0.0, 0.0, 0.0, 0.0, 0.0, 0.0, 0.0, 0.0, 0.0, 0.0, 0.0, 0.0, 0.0, 0.0 
0.25, 0.25, 0.25, 0.25, 0.25, 0.25, 0.25, 0.25, 0.25, 0.25, 0.25, 0.25, 0.25, 0.25, 0.25, 0.25, 0.25, 0.25, 0.25, 0.25, 0.25, 0.25, 0.25, 0.25, 0.25, 0.25, 0.25, 0.25, 0.25, 0.25, 0.25, 0.25, 0.25, 0.25, 0.25, 0.25, 0.25, 0.25, 0.25, 0.25, 0.25, 0.25, 0.25, 0.25, 0.25, 0.25, 0.25, 0.25, 0.25, 0.25, 0.25, 0.25, 0.25, 0.25, 0.25, 0.25, 0.25, 0.25, 0.25, 0.25, 0.25, 0.25, 0.25 
0.154, 0.154, 0.154, 0.154, 0.154, 0.154, 0.154, 0.154, 0.154, 0.154, 0.154, 0.154, 0.154, 0.154, 0.154, 0.154, 0.154, 0.154, 0.154, 0.154, 0.154, 0.154, 0.154, 0.154, 0.154, 0.154, 0.154, 0.154, 0.154, 0.154, 0.154, 0.154, 0.154, 0.154, 0.154, 0.154, 0.154, 0.154, 0.154, 0.154, 0.154, 0.154, 0.154, 0.154, 0.154, 0.154, 0.154, 0.154, 0.154, 0.154, 0.154, 0.154, 0.154, 0.154, 0.154, 0.154, 0.154, 0.154, 0.154, 0.154, 0.154, 0.154, 0.154 
0.167, 0.167, 0.167, 0.167, 0.167, 0.167, 0.167, 0.167, 0.167, 0.167, 0.167, 0.167, 0.167, 0.167, 0.167, 0.167, 0.167, 0.167, 0.167, 0.167, 0.167, 0.167, 0.167, 0.167, 0.167, 0.167, 0.167, 0.167, 0.167, 0.167, 0.167, 0.167, 0.167, 0.167, 0.167, 0.167, 0.167, 0.167, 0.167, 0.167, 0.167, 0.167, 0.167, 0.167, 0.167, 0.167, 0.167, 0.167, 0.167, 0.167, 0.167, 0.167, 0.167, 0.167, 0.167, 0.167, 0.167, 0.167, 0.167, 0.167, 0.167, 0.167, 0.167 
0.2, 0.2, 0.2, 0.2, 0.2, 0.2, 0.2, 0.2, 0.2, 0.2, 0.2, 0.2, 0.2, 0.2, 0.2, 0.2, 0.2, 0.2, 0.2, 0.2, 0.2, 0.2, 0.2, 0.2, 0.2, 0.2, 0.2, 0.2, 0.2, 0.2, 0.2, 0.2, 0.2, 0.2, 0.2, 0.2, 0.2, 0.2, 0.2, 0.2, 0.2, 0.2, 0.2, 0.2, 0.2, 0.2, 0.2, 0.2, 0.2, 0.2, 0.2, 0.2, 0.2, 0.2, 0.2, 0.2, 0.2, 0.2, 0.2, 0.2, 0.2, 0.2, 0.2 
0.0, 0.0, 0.0, 0.0, 0.0, 0.0, 0.0, 0.0, 0.0, 0.0, 0.0, 0.0, 0.0, 0.0, 0.0, 0.0, 0.0, 0.0, 0.0, 0.0, 0.0, 0.0, 0.0, 0.0, 0.0, 0.0, 0.0, 0.0, 0.0, 0.0, 0.0, 0.0, 0.0, 0.0, 0.0, 0.0, 0.0, 0.0, 0.0, 0.0, 0.0, 0.0, 0.0, 0.0, 0.0, 0.0, 0.0, 0.0, 0.0, 0.0, 0.0, 0.0, 0.0, 0.0, 0.0, 0.0, 0.0, 0.0, 0.0, 0.0, 0.0, 0.0, 0.0 
0.333, 0.333, 0.333, 0.333, 0.333, 0.333, 0.333, 0.333, 0.333, 0.333, 0.333, 0.333, 0.333, 0.333, 0.333, 0.333, 0.333, 0.333, 0.333, 0.333, 0.333, 0.333, 0.333, 0.333, 0.333, 0.333, 0.333, 0.333, 0.333, 0.333, 0.333, 0.333, 0.333, 0.333, 0.333, 0.333, 0.333, 0.333, 0.333, 0.333, 0.333, 0.333, 0.333, 0.333, 0.333, 0.333, 0.333, 0.333, 0.333, 0.333, 0.333, 0.333, 0.333, 0.333, 0.333, 0.333, 0.333, 0.333, 0.333, 0.333, 0.333, 0.333, 0.333 
0.3, 0.3, 0.3, 0.3, 0.3, 0.3, 0.3, 0.3, 0.3, 0.3, 0.3, 0.3, 0.3, 0.3, 0.3, 0.3, 0.3, 0.3, 0.3, 0.3, 0.3, 0.3, 0.3, 0.3, 0.3, 0.3, 0.3, 0.3, 0.3, 0.3, 0.3, 0.3, 0.3, 0.3, 0.3, 0.3, 0.3, 0.3, 0.3, 0.3, 0.3, 0.3, 0.3, 0.3, 0.3, 0.3, 0.3, 0.3, 0.3, 0.3, 0.3, 0.3, 0.3, 0.3, 0.3, 0.3, 0.3, 0.3, 0.3, 0.3, 0.3, 0.3, 0.3 
0.154, 0.154, 0.154, 0.154, 0.154, 0.154, 0.154, 0.154, 0.154, 0.154, 0.154, 0.154, 0.154, 0.154, 0.154, 0.154, 0.154, 0.154, 0.154, 0.154, 0.154, 0.154, 0.154, 0.154, 0.154, 0.154, 0.154, 0.154, 0.154, 0.154, 0.154, 0.154, 0.154, 0.154, 0.154, 0.154, 0.154, 0.154, 0.154, 0.154, 0.154, 0.154, 0.154, 0.154, 0.154, 0.154, 0.154, 0.154, 0.154, 0.154, 0.154, 0.154, 0.154, 0.154, 0.154, 0.154, 0.154, 0.154, 0.154, 0.154, 0.154, 0.154, 0.154 
0.167, 0.167, 0.167, 0.167, 0.167, 0.167, 0.167, 0.167, 0.167, 0.167, 0.167, 0.167, 0.167, 0.167, 0.167, 0.167, 0.167, 0.167, 0.167, 0.167, 0.167, 0.167, 0.167, 0.167, 0.167, 0.167, 0.167, 0.167, 0.167, 0.167, 0.167, 0.167, 0.167, 0.167, 0.167, 0.167, 0.167, 0.167, 0.167, 0.167, 0.167, 0.167, 0.167, 0.167, 0.167, 0.167, 0.167, 0.167, 0.167, 0.167, 0.167, 0.167, 0.167, 0.167, 0.167, 0.167, 0.167, 0.167, 0.167, 0.167, 0.167, 0.167, 0.167 
0.154, 0.154, 0.154, 0.154, 0.154, 0.154, 0.154, 0.154, 0.154, 0.154, 0.154, 0.154, 0.154, 0.154, 0.154, 0.154, 0.154, 0.154, 0.154, 0.154, 0.154, 0.154, 0.154, 0.154, 0.154, 0.154, 0.154, 0.154, 0.154, 0.154, 0.154, 0.154, 0.154, 0.154, 0.154, 0.154, 0.154, 0.154, 0.154, 0.154, 0.154, 0.154, 0.154, 0.154, 0.154, 0.154, 0.154, 0.154, 0.154, 0.154, 0.154, 0.154, 0.154, 0.154, 0.154, 0.154, 0.154, 0.154, 0.154, 0.154, 0.154, 0.154, 0.154 
0.2, 0.2, 0.2, 0.2, 0.2, 0.2, 0.2, 0.2, 0.2, 0.2, 0.2, 0.2, 0.2, 0.2, 0.2, 0.2, 0.2, 0.2, 0.2, 0.2, 0.2, 0.2, 0.2, 0.2, 0.2, 0.2, 0.2, 0.2, 0.2, 0.2, 0.2, 0.2, 0.2, 0.2, 0.2, 0.2, 0.2, 0.2, 0.2, 0.2, 0.2, 0.2, 0.2, 0.2, 0.2, 0.2, 0.2, 0.2, 0.2, 0.2, 0.2, 0.2, 0.2, 0.2, 0.2, 0.2, 0.2, 0.2, 0.2, 0.2, 0.2, 0.2, 0.2 
0.25, 0.25, 0.25, 0.25, 0.25, 0.25, 0.25, 0.25, 0.25, 0.25, 0.25, 0.25, 0.25, 0.25, 0.25, 0.25, 0.25, 0.25, 0.25, 0.25, 0.25, 0.25, 0.25, 0.25, 0.25, 0.25, 0.25, 0.25, 0.25, 0.25, 0.25, 0.25, 0.25, 0.25, 0.25, 0.25, 0.25, 0.25, 0.25, 0.25, 0.25, 0.25, 0.25, 0.25, 0.25, 0.25, 0.25, 0.25, 0.25, 0.25, 0.25, 0.25, 0.25, 0.25, 0.25, 0.25, 0.25, 0.25, 0.25, 0.25, 0.25, 0.25, 0.25 
0.308, 0.308, 0.308, 0.308, 0.308, 0.308, 0.308, 0.308, 0.308, 0.308, 0.308, 0.308, 0.308, 0.308, 0.308, 0.308, 0.308, 0.308, 0.308, 0.308, 0.308, 0.308, 0.308, 0.308, 0.308, 0.308, 0.308, 0.308, 0.308, 0.308, 0.308, 0.308, 0.308, 0.308, 0.308, 0.308, 0.308, 0.308, 0.308, 0.308, 0.308, 0.308, 0.308, 0.308, 0.308, 0.308, 0.308, 0.308, 0.308, 0.308, 0.308, 0.308, 0.308, 0.308, 0.308, 0.308, 0.308, 0.308, 0.308, 0.308, 0.308, 0.308, 0.308 
0.154, 0.154, 0.154, 0.154, 0.154, 0.154, 0.154, 0.154, 0.154, 0.154, 0.154, 0.154, 0.154, 0.154, 0.154, 0.154, 0.154, 0.154, 0.154, 0.154, 0.154, 0.154, 0.154, 0.154, 0.154, 0.154, 0.154, 0.154, 0.154, 0.154, 0.154, 0.154, 0.154, 0.154, 0.154, 0.154, 0.154, 0.154, 0.154, 0.154, 0.154, 0.154, 0.154, 0.154, 0.154, 0.154, 0.154, 0.154, 0.154, 0.154, 0.154, 0.154, 0.154, 0.154, 0.154, 0.154, 0.154, 0.154, 0.154, 0.154, 0.154, 0.154, 0.154 
0.154, 0.154, 0.154, 0.154, 0.154, 0.154, 0.154, 0.154, 0.154, 0.154, 0.154, 0.154, 0.154, 0.154, 0.154, 0.154, 0.154, 0.154, 0.154, 0.154, 0.154, 0.154, 0.154, 0.154, 0.154, 0.154, 0.154, 0.154, 0.154, 0.154, 0.154, 0.154, 0.154, 0.154, 0.154, 0.154, 0.154, 0.154, 0.154, 0.154, 0.154, 0.154, 0.154, 0.154, 0.154, 0.154, 0.154, 0.154, 0.154, 0.154, 0.154, 0.154, 0.154, 0.154, 0.154, 0.154, 0.154, 0.154, 0.154, 0.154, 0.154, 0.154, 0.154 
0.273, 0.273, 0.273, 0.273, 0.273, 0.273, 0.273, 0.273, 0.273, 0.273, 0.273, 0.273, 0.273, 0.273, 0.273, 0.273, 0.273, 0.273, 0.273, 0.273, 0.273, 0.273, 0.273, 0.273, 0.273, 0.273, 0.273, 0.273, 0.273, 0.273, 0.273, 0.273, 0.273, 0.273, 0.273, 0.273, 0.273, 0.273, 0.273, 0.273, 0.273, 0.273, 0.273, 0.273, 0.273, 0.273, 0.273, 0.273, 0.273, 0.273, 0.273, 0.273, 0.273, 0.273, 0.273, 0.273, 0.273, 0.273, 0.273, 0.273, 0.273, 0.273, 0.273 
0.0, 0.0, 0.0, 0.0, 0.0, 0.0, 0.0, 0.0, 0.0, 0.0, 0.0, 0.0, 0.0, 0.0, 0.0, 0.0, 0.0, 0.0, 0.0, 0.0, 0.0, 0.0, 0.0, 0.0, 0.0, 0.0, 0.0, 0.0, 0.0, 0.0, 0.0, 0.0, 0.0, 0.0, 0.0, 0.0, 0.0, 0.0, 0.0, 0.0, 0.0, 0.0, 0.0, 0.0, 0.0, 0.0, 0.0, 0.0, 0.0, 0.0, 0.0, 0.0, 0.0, 0.0, 0.0, 0.0, 0.0, 0.0, 0.0, 0.0, 0.0, 0.0, 0.0 
0.5, 0.5, 0.5, 0.5, 0.5, 0.5, 0.5, 0.5, 0.5, 0.5, 0.5, 0.5, 0.5, 0.5, 0.5, 0.5, 0.5, 0.5, 0.5, 0.5, 0.5, 0.5, 0.5, 0.5, 0.5, 0.5, 0.5, 0.5, 0.5, 0.5, 0.5, 0.5, 0.5, 0.5, 0.5, 0.5, 0.5, 0.5, 0.5, 0.5, 0.5, 0.5, 0.5, 0.5, 0.5, 0.5, 0.5, 0.5, 0.5, 0.5, 0.5, 0.5, 0.5, 0.5, 0.5, 0.5, 0.5, 0.5, 0.5, 0.5, 0.5, 0.5, 0.5 
0.154, 0.154, 0.154, 0.154, 0.154, 0.154, 0.154, 0.154, 0.154, 0.154, 0.154, 0.154, 0.154, 0.154, 0.154, 0.154, 0.154, 0.154, 0.154, 0.154, 0.154, 0.154, 0.154, 0.154, 0.154, 0.154, 0.154, 0.154, 0.154, 0.154, 0.154, 0.154, 0.154, 0.154, 0.154, 0.154, 0.154, 0.154, 0.154, 0.154, 0.154, 0.154, 0.154, 0.154, 0.154, 0.154, 0.154, 0.154, 0.154, 0.154, 0.154, 0.154, 0.154, 0.154, 0.154, 0.154, 0.154, 0.154, 0.154, 0.154, 0.154, 0.154, 0.154 
0.0, 0.0, 0.0, 0.0, 0.0, 0.0, 0.0, 0.0, 0.0, 0.0, 0.0, 0.0, 0.0, 0.0, 0.0, 0.0, 0.0, 0.0, 0.0, 0.0, 0.0, 0.0, 0.0, 0.0, 0.0, 0.0, 0.0, 0.0, 0.0, 0.0, 0.0, 0.0, 0.0, 0.0, 0.0, 0.0, 0.0, 0.0, 0.0, 0.0, 0.0, 0.0, 0.0, 0.0, 0.0, 0.0, 0.0, 0.0, 0.0, 0.0, 0.0, 0.0, 0.0, 0.0, 0.0, 0.0, 0.0, 0.0, 0.0, 0.0, 0.0, 0.0, 0.0 
0.167, 0.167, 0.167, 0.167, 0.167, 0.167, 0.167, 0.167, 0.167, 0.167, 0.167, 0.167, 0.167, 0.167, 0.167, 0.167, 0.167, 0.167, 0.167, 0.167, 0.167, 0.167, 0.167, 0.167, 0.167, 0.167, 0.167, 0.167, 0.167, 0.167, 0.167, 0.167, 0.167, 0.167, 0.167, 0.167, 0.167, 0.167, 0.167, 0.167, 0.167, 0.167, 0.167, 0.167, 0.167, 0.167, 0.167, 0.167, 0.167, 0.167, 0.167, 0.167, 0.167, 0.167, 0.167, 0.167, 0.167, 0.167, 0.167, 0.167, 0.167, 0.167, 0.167 
